frame.number,_ws.col.Time,_ws.col.Source,_ws.col.Destination,_ws.col.Protocol,_ws.col.Length,_ws.col.Info
1,0.000000000,10.11.12.22,1.0.0.1,TCP,60,42974 → 853 [FIN, ACK] Seq=1 Ack=1 Win=502 Len=0
2,0.001358947,172.30.32.3,1.0.0.1,TCP,60,42958 → 853 [FIN, ACK] Seq=1 Ack=1 Win=502 Len=0
3,0.027358329,10.11.12.32,52.29.14.77,UDP,74,54321 → 8053 Len=32
4,0.051704392,52.29.14.77,10.11.12.32,UDP,74,8053 → 54321 Len=32
5,0.107337439,10.11.12.22,1.0.0.1,TCP,60,37902 → 853 [FIN, ACK] Seq=1 Ack=1 Win=502 Len=0
6,0.122258374,34.120.160.131,10.11.12.18,TLSv1.2,110,Application Data
7,0.174868488,10.11.12.18,34.120.160.131,TCP,60,32590 → 443 [ACK] Seq=1 Ack=57 Win=512 Len=0
8,0.223727392,10.11.12.22,1.0.0.1,TCP,60,41002 → 853 [FIN, ACK] Seq=1 Ack=1 Win=502 Len=0
9,0.304957855,84:8b:cd:4a:8a:5a,4c:17:44:c2:67:09,ARP,42,Who has 10.11.12.23? Tell 10.11.12.1
10,0.309644548,4c:17:44:c2:67:09,84:8b:cd:4a:8a:5a,ARP,60,10.11.12.23 is at 4c:17:44:c2:67:09
11,0.511450119,10.11.12.22,1.1.1.1,TCP,60,41920 → 853 [FIN, ACK] Seq=1 Ack=1 Win=502 Len=0
12,0.543269437,10.11.12.22,1.0.0.1,TCP,60,[TCP Retransmission] 37902 → 853 [FIN, ACK] Seq=1 Ack=1 Win=502 Len=0
13,0.623465916,10.11.12.16,10.11.12.1,TCP,74,47616 → 80 [SYN] Seq=0 Win=64240 Len=0 MSS=1460 SACK_PERM=1 TSval=341085536 TSecr=0 WS=128
14,0.623639583,10.11.12.1,10.11.12.16,TCP,74,80 → 47616 [SYN, ACK] Seq=0 Ack=1 Win=65160 Len=0 MSS=1460 SACK_PERM=1 TSval=4126329139 TSecr=341085536 WS=128
15,0.624921678,10.11.12.16,10.11.12.1,TCP,66,47616 → 80 [ACK] Seq=1 Ack=1 Win=64256 Len=0 TSval=341085541 TSecr=4126329139
16,0.626213366,10.11.12.16,10.11.12.1,HTTP,924,GET /1/1666184689.5561976/%7B%22NoiseL%22:%2054.99018827222492,%20%22NoiseM%22:%2026.92096069476934,%20%22NoiseH%22:%2023.190959071963455,%20%22NoiseA%22:%2017.51701800649295,%20%22Lux%22:%2081.51395,%20%22Prox%22:%200,%20%22Temp%22:%2027.293457340101327,%20%22Humidity%22:%2021.596970743231065,%20%22Pressure%22:%201009.7761392314486,%20%22MassPM1.0%22:%20%221.6299999952316284%22,%20%22MassPM2.5%22:%207.619030475616455,%20%22MassPM4.0%22:%2012.013469696044922,%20%22MassPM10%22:%2014.217875480651855,%20%22NumPM0.5%22:%200.0,%20%22NumPM1.0%22:%2010.040750503540039,%20%22NumPM2.5%22:%2015.523999214172363,%20%22NumPM4.0%22:%2016.69720458984375,%20%22NumPM10%22:%2016.97592544555664,%20%22TPM%22:%201.6299999952316284%7D HTTP/1.1 
17,0.626314236,10.11.12.1,10.11.12.16,TCP,66,80 → 47616 [ACK] Seq=1 Ack=859 Win=64384 Len=0 TSval=4126329142 TSecr=341085541
18,0.632504155,10.11.12.1,10.11.12.16,TCP,83,HTTP/1.0 200 OK  [TCP segment of a reassembled PDU]
19,0.633149934,10.11.12.1,10.11.12.16,HTTP,209,HTTP/1.0 200 OK  (text/html)
20,0.634109935,10.11.12.16,10.11.12.1,TCP,66,47616 → 80 [ACK] Seq=859 Ack=18 Win=64256 Len=0 TSval=341085550 TSecr=4126329148
21,0.636050365,10.11.12.16,10.11.12.1,TCP,66,47616 → 80 [FIN, ACK] Seq=859 Ack=162 Win=64128 Len=0 TSval=341085552 TSecr=4126329149
22,0.636126347,10.11.12.1,10.11.12.16,TCP,66,80 → 47616 [ACK] Seq=162 Ack=860 Win=64384 Len=0 TSval=4126329152 TSecr=341085552
23,0.676722550,10.11.12.1,10.11.12.18,SSH,98,Server: Encrypted packet (len=44)
24,0.686999310,10.11.12.17,10.11.12.1,TCP,74,34758 → 80 [SYN] Seq=0 Win=64240 Len=0 MSS=1460 SACK_PERM=1 TSval=1513314768 TSecr=0 WS=128
25,0.687148699,10.11.12.1,10.11.12.17,TCP,74,80 → 34758 [SYN, ACK] Seq=0 Ack=1 Win=65160 Len=0 MSS=1460 SACK_PERM=1 TSval=1001356551 TSecr=1513314768 WS=128
26,0.688460942,10.11.12.17,10.11.12.1,TCP,66,34758 → 80 [ACK] Seq=1 Ack=1 Win=64256 Len=0 TSval=1513314804 TSecr=1001356551
27,0.688903498,10.11.12.17,10.11.12.1,HTTP,988,GET /2/1666184689.605344/%7B%22NoiseL%22:%2054.90504895782428,%20%22NoiseM%22:%2021.478132859580597,%20%22NoiseH%22:%2020.052770191329454,%20%22NoiseA%22:%2016.07265866812239,%20%22Lux%22:%20445.3403,%20%22Prox%22:%200,%20%22Temp%22:%2030.485151560370532,%20%22Humidity%22:%2018.50414690511615,%20%22Pressure%22:%201010.0699873627824,%20%22MassPM1.0%22:%20%222.0826148986816406%22,%20%22MassPM2.5%22:%20%224.55599308013916%22,%20%22MassPM4.0%22:%20%226.470392227172852%22,%20%22MassPM10%22:%20%227.430722236633301%22,%20%22NumPM0.5%22:%20%227.57308292388916%22,%20%22NumPM1.0%22:%20%2213.689301490783691%22,%20%22NumPM2.5%22:%20%2216.09745216369629%22,%20%22NumPM4.0%22:%20%2216.611055374145508%22,%20%22NumPM10%22:%20%2216.734485626220703%22,%20%22TPM%22:%20%220.9549999833106995%22%7D HTTP/1.1 
28,0.688967758,10.11.12.1,10.11.12.17,TCP,66,80 → 34758 [ACK] Seq=1 Ack=923 Win=64256 Len=0 TSval=1001356552 TSecr=1513314804
29,0.695117565,10.11.12.1,10.11.12.17,TCP,83,HTTP/1.0 200 OK  [TCP segment of a reassembled PDU]
30,0.695689381,10.11.12.1,10.11.12.17,HTTP,209,HTTP/1.0 200 OK  (text/html)
31,0.696498586,10.11.12.17,10.11.12.1,TCP,66,34758 → 80 [ACK] Seq=923 Ack=18 Win=64256 Len=0 TSval=1513314812 TSecr=1001356559
32,0.699241906,10.11.12.17,10.11.12.1,TCP,66,34758 → 80 [FIN, ACK] Seq=923 Ack=162 Win=64128 Len=0 TSval=1513314814 TSecr=1001356559
33,0.699305462,10.11.12.1,10.11.12.17,TCP,66,80 → 34758 [ACK] Seq=162 Ack=924 Win=64256 Len=0 TSval=1001356563 TSecr=1513314814
34,0.726245344,10.11.12.18,10.11.12.1,TCP,60,32566 → 22 [ACK] Seq=1 Ack=45 Win=512 Len=0
35,0.767543641,10.11.12.22,1.1.1.1,TCP,60,38890 → 853 [FIN, ACK] Seq=1 Ack=1 Win=502 Len=0
36,0.836721267,10.11.12.51,10.11.12.1,TCP,74,43360 → 80 [SYN] Seq=0 Win=64240 Len=0 MSS=1460 SACK_PERM=1 TSval=1031990883 TSecr=0 WS=128
37,0.836856434,10.11.12.1,10.11.12.51,TCP,74,80 → 43360 [SYN, ACK] Seq=0 Ack=1 Win=65160 Len=0 MSS=1460 SACK_PERM=1 TSval=2993696970 TSecr=1031990883 WS=128
38,0.838555234,10.11.12.51,10.11.12.1,TCP,66,43360 → 80 [ACK] Seq=1 Ack=1 Win=64256 Len=0 TSval=1031990885 TSecr=2993696970
39,0.838928623,10.11.12.51,10.11.12.1,HTTP,989,GET /5/1666184689.7392032/%7B%22NoiseL%22:%2061.34571340321093,%20%22NoiseM%22:%2034.041301807456314,%20%22NoiseH%22:%2020.23582730520882,%20%22NoiseA%22:%2019.27047375264601,%20%22Lux%22:%20193.67905,%20%22Prox%22:%200,%20%22Temp%22:%2025.918671883063674,%20%22Humidity%22:%2022.71881519481352,%20%22Pressure%22:%201010.5204195199353,%20%22MassPM1.0%22:%20%222.0826148986816406%22,%20%22MassPM2.5%22:%20%224.55599308013916%22,%20%22MassPM4.0%22:%20%226.470392227172852%22,%20%22MassPM10%22:%20%227.430722236633301%22,%20%22NumPM0.5%22:%20%227.57308292388916%22,%20%22NumPM1.0%22:%20%2213.689301490783691%22,%20%22NumPM2.5%22:%20%2216.09745216369629%22,%20%22NumPM4.0%22:%20%2216.611055374145508%22,%20%22NumPM10%22:%20%2216.734485626220703%22,%20%22TPM%22:%20%220.9549999833106995%22%7D HTTP/1.1 
40,0.838994994,10.11.12.1,10.11.12.51,TCP,66,80 → 43360 [ACK] Seq=1 Ack=924 Win=64256 Len=0 TSval=2993696973 TSecr=1031990885
41,0.844636504,10.11.12.1,10.11.12.51,TCP,83,HTTP/1.0 200 OK  [TCP segment of a reassembled PDU]
42,0.845288172,10.11.12.1,10.11.12.51,HTTP,209,HTTP/1.0 200 OK  (text/html)
43,0.846719675,10.11.12.51,10.11.12.1,TCP,66,43360 → 80 [ACK] Seq=924 Ack=18 Win=64256 Len=0 TSval=1031990893 TSecr=2993696978
44,0.847213509,10.11.12.51,10.11.12.1,TCP,66,43360 → 80 [FIN, ACK] Seq=924 Ack=162 Win=64128 Len=0 TSval=1031990894 TSecr=2993696979
45,0.847274750,10.11.12.1,10.11.12.51,TCP,66,80 → 43360 [ACK] Seq=162 Ack=925 Win=64256 Len=0 TSval=2993696981 TSecr=1031990894
46,0.859506235,10.11.12.23,18.205.142.205,TLSv1.2,99,Application Data
47,0.862204740,18.205.142.205,10.11.12.23,TCP,66,443 → 43352 [ACK] Seq=1 Ack=34 Win=165 Len=0 TSval=197278015 TSecr=18765577
48,0.894613521,10.11.12.50,10.11.12.1,TCP,74,49618 → 80 [SYN] Seq=0 Win=64240 Len=0 MSS=1460 SACK_PERM=1 TSval=216535002 TSecr=0 WS=128
49,0.894734762,10.11.12.1,10.11.12.50,TCP,74,80 → 49618 [SYN, ACK] Seq=0 Ack=1 Win=65160 Len=0 MSS=1460 SACK_PERM=1 TSval=1712180522 TSecr=216535002 WS=128
50,0.896049375,10.11.12.50,10.11.12.1,TCP,66,49618 → 80 [ACK] Seq=1 Ack=1 Win=64256 Len=0 TSval=216535004 TSecr=1712180522
51,0.896355450,10.11.12.50,10.11.12.1,HTTP,987,GET /4/1666184689.8141282/%7B%22NoiseL%22:%2055.52607829609656,%20%22NoiseM%22:%2033.55411153444235,%20%22NoiseH%22:%2032.6587851461992,%20%22NoiseA%22:%2020.289829162789683,%20%22Lux%22:%2015.10405,%20%22Prox%22:%200,%20%22Temp%22:%2019.693188881535377,%20%22Humidity%22:%2027.91822892722159,%20%22Pressure%22:%201010.4032082161486,%20%22MassPM1.0%22:%20%222.0826148986816406%22,%20%22MassPM2.5%22:%20%224.55599308013916%22,%20%22MassPM4.0%22:%20%226.470392227172852%22,%20%22MassPM10%22:%20%227.430722236633301%22,%20%22NumPM0.5%22:%20%227.57308292388916%22,%20%22NumPM1.0%22:%20%2213.689301490783691%22,%20%22NumPM2.5%22:%20%2216.09745216369629%22,%20%22NumPM4.0%22:%20%2216.611055374145508%22,%20%22NumPM10%22:%20%2216.734485626220703%22,%20%22TPM%22:%20%220.9549999833106995%22%7D HTTP/1.1 
52,0.896413395,10.11.12.1,10.11.12.50,TCP,66,80 → 49618 [ACK] Seq=1 Ack=922 Win=64256 Len=0 TSval=1712180524 TSecr=216535004
53,0.902241627,10.11.12.1,10.11.12.50,TCP,83,HTTP/1.0 200 OK  [TCP segment of a reassembled PDU]
54,0.902760388,10.11.12.1,10.11.12.50,HTTP,209,HTTP/1.0 200 OK  (text/html)
55,0.904929577,10.11.12.50,10.11.12.1,TCP,66,49618 → 80 [ACK] Seq=922 Ack=18 Win=64256 Len=0 TSval=216535012 TSecr=1712180530
56,0.906606802,10.11.12.50,10.11.12.1,TCP,66,49618 → 80 [FIN, ACK] Seq=922 Ack=162 Win=64128 Len=0 TSval=216535014 TSecr=1712180530
57,0.906673765,10.11.12.1,10.11.12.50,TCP,66,80 → 49618 [ACK] Seq=162 Ack=923 Win=64256 Len=0 TSval=1712180534 TSecr=216535014
58,0.942528849,18.205.142.205,10.11.12.23,TLSv1.2,97,Application Data
59,0.943743481,10.11.12.23,18.205.142.205,TCP,66,43352 → 443 [ACK] Seq=34 Ack=32 Win=359 Len=0 TSval=18765659 TSecr=197278023
60,1.023440367,10.11.12.22,1.1.1.1,TCP,60,40654 → 853 [FIN, ACK] Seq=1 Ack=1 Win=502 Len=0
61,1.074523256,10.11.12.18,131.251.255.229,UDP,174,50599 → 4501 Len=132
62,1.087251927,131.251.255.229,10.11.12.18,UDP,174,4501 → 50599 Len=132
63,1.098351595,10.11.12.22,3.11.193.37,SSL,168,Continuation Data
64,1.100233487,3.11.193.37,10.11.12.22,TCP,66,443 → 48190 [ACK] Seq=1 Ack=103 Win=1266 Len=0 TSval=197278039 TSecr=3782616579
65,1.109852819,10.11.12.19,10.11.12.1,TCP,74,46788 → 80 [SYN] Seq=0 Win=64240 Len=0 MSS=1460 SACK_PERM=1 TSval=3634705778 TSecr=0 WS=128
66,1.110024986,10.11.12.1,10.11.12.19,TCP,74,80 → 46788 [SYN, ACK] Seq=0 Ack=1 Win=65160 Len=0 MSS=1460 SACK_PERM=1 TSval=46106020 TSecr=3634705778 WS=128
67,1.111030988,10.11.12.19,10.11.12.1,TCP,66,46788 → 80 [ACK] Seq=1 Ack=1 Win=64256 Len=0 TSval=3634705779 TSecr=46106020
68,1.111665341,10.11.12.19,10.11.12.1,HTTP,972,GET /3/1666184690.0555673/%7B%22NoiseL%22:%2054.82608366598818,%20%22NoiseM%22:%2032.240749306033365,%20%22NoiseH%22:%2034.89354706672889,%20%22NoiseA%22:%2020.326730006458405,%20%22Lux%22:%2012.54075,%20%22Prox%22:%201,%20%22Temp%22:%2026.66934079173872,%20%22Humidity%22:%2022.282835177874325,%20%22Pressure%22:%201009.4854245992017,%20%22MassPM1.0%22:%20%221.0485678911209106%22,%20%22MassPM2.5%22:%20%223.9711759090423584%22,%20%22MassPM4.0%22:%20%226.299286365509033%22,%20%22MassPM10%22:%20%227.467148780822754%22,%20%22NumPM0.5%22:%20%220.0%22,%20%22NumPM1.0%22:%20%224.827813148498535%22,%20%22NumPM2.5%22:%20%227.731733798980713%22,%20%22NumPM4.0%22:%20%228.3531494140625%22,%20%22NumPM10%22:%20%228.50070571899414%22,%20%22TPM%22:%20%221.6299999952316284%22%7D HTTP/1.1 
69,1.111754711,10.11.12.1,10.11.12.19,TCP,66,80 → 46788 [ACK] Seq=1 Ack=907 Win=64256 Len=0 TSval=46106021 TSecr=3634705779
70,1.118101908,10.11.12.1,10.11.12.19,TCP,83,HTTP/1.0 200 OK  [TCP segment of a reassembled PDU]
71,1.118682650,10.11.12.1,10.11.12.19,HTTP,209,HTTP/1.0 200 OK  (text/html)
72,1.119057836,10.11.12.19,10.11.12.1,TCP,66,46788 → 80 [ACK] Seq=907 Ack=18 Win=64256 Len=0 TSval=3634705787 TSecr=46106028
73,1.121089784,10.11.12.19,10.11.12.1,TCP,66,46788 → 80 [FIN, ACK] Seq=907 Ack=162 Win=64128 Len=0 TSval=3634705789 TSecr=46106028
74,1.121165488,10.11.12.1,10.11.12.19,TCP,66,80 → 46788 [ACK] Seq=162 Ack=908 Win=64256 Len=0 TSval=46106031 TSecr=3634705789
75,1.178036404,10.11.12.22,1.1.1.1,TCP,60,58098 → 853 [FIN, ACK] Seq=1 Ack=1 Win=502 Len=0
76,1.197462809,10.11.12.1,10.11.12.18,SSH,98,Server: Encrypted packet (len=44)
77,1.199056608,10.11.12.22,1.1.1.1,TCP,74,35960 → 853 [SYN] Seq=0 Win=64240 Len=0 MSS=1460 SACK_PERM=1 TSval=3425251124 TSecr=0 WS=128
78,1.207747883,1.1.1.1,10.11.12.22,TCP,66,853 → 35960 [SYN, ACK] Seq=0 Ack=1 Win=64240 Len=0 MSS=1394 SACK_PERM=1 WS=8192
79,1.209099070,10.11.12.22,1.1.1.1,TCP,60,35960 → 853 [ACK] Seq=1 Ack=1 Win=64256 Len=0
80,1.213410282,10.11.12.22,1.1.1.1,TLSv1,334,Client Hello
81,1.222598835,1.1.1.1,10.11.12.22,TCP,54,853 → 35960 [ACK] Seq=1 Ack=281 Win=65536 Len=0
82,1.247823047,10.11.12.18,10.11.12.1,TCP,60,32566 → 22 [ACK] Seq=1 Ack=89 Win=512 Len=0
83,1.279417214,10.11.12.22,1.0.0.1,TCP,60,56762 → 853 [ACK] Seq=1 Ack=1 Win=502 Len=0
84,1.391461821,10.11.12.22,1.1.1.1,TCP,60,[TCP Retransmission] 58098 → 853 [FIN, ACK] Seq=1 Ack=1 Win=502 Len=0
85,1.407567165,10.11.12.22,1.0.0.1,TCP,60,[TCP Retransmission] 37902 → 853 [FIN, ACK] Seq=1 Ack=1 Win=502 Len=0
86,1.532229406,10.11.12.20,10.0.128.132,TCP,74,47712 → 8123 [SYN] Seq=0 Win=65535 Len=0 MSS=1460 SACK_PERM=1 TSval=3227893771 TSecr=0 WS=256
87,1.532525388,10.11.12.20,10.0.128.132,TCP,74,47714 → 8123 [SYN] Seq=0 Win=65535 Len=0 MSS=1460 SACK_PERM=1 TSval=3227893778 TSecr=0 WS=256
88,1.553314554,10.11.12.33,18.159.88.239,UDP,74,49443 → 8053 Len=32
89,1.582083976,18.159.88.239,10.11.12.33,UDP,74,8053 → 49443 Len=32
90,1.607446447,10.11.12.22,1.1.1.1,TCP,60,[TCP Retransmission] 58098 → 853 [FIN, ACK] Seq=1 Ack=1 Win=502 Len=0
91,1.631345045,10.11.12.22,1.1.1.1,TCP,60,58084 → 853 [FIN, ACK] Seq=1 Ack=1 Win=502 Len=0
92,1.716894124,10.11.12.1,10.11.12.18,SSH,98,Server: Encrypted packet (len=44)
93,1.773509040,10.11.12.18,10.11.12.1,TCP,60,32566 → 22 [ACK] Seq=1 Ack=133 Win=512 Len=0
94,1.791616368,10.11.12.22,1.1.1.1,TCP,60,40664 → 853 [FIN, ACK] Seq=1 Ack=1 Win=502 Len=0
95,1.886651056,40.99.201.226,10.11.12.18,TLSv1.2,94,Application Data
96,1.888513096,10.11.12.18,40.99.201.226,TCP,60,12810 → 443 [ACK] Seq=1 Ack=41 Win=1018 Len=0
97,1.966776199,10.11.12.28,52.29.14.77,UDP,74,54321 → 8053 Len=32
98,1.976897143,3.11.193.37,10.11.12.22,SSL,752,Continuation Data
99,1.991259798,52.29.14.77,10.11.12.28,UDP,74,8053 → 54321 Len=32
100,2.002154910,10.11.12.22,3.11.193.37,SSL,895,Continuation Data
101,2.004720878,3.11.193.37,10.11.12.22,TCP,66,443 → 48190 [ACK] Seq=687 Ack=932 Win=1261 Len=0 TSval=197278129 TSecr=3782617482
102,2.021076000,52.204.94.163,10.11.12.22,TLSv1.2,97,Application Data
103,2.025764897,10.11.12.22,52.204.94.163,TLSv1.2,101,Application Data
104,2.028144586,52.204.94.163,10.11.12.22,TCP,66,443 → 40102 [ACK] Seq=32 Ack=36 Win=186 Len=0 TSval=197278132 TSecr=661090625
105,2.039149291,192.168.0.64,10.11.12.16,TCP,66,80 → 46618 [RST, ACK] Seq=1 Ack=1 Win=122 Len=0 TSval=197278133 TSecr=531163474
106,2.048073066,10.11.12.22,1.0.0.1,TCP,60,53098 → 853 [FIN, ACK] Seq=1 Ack=1 Win=502 Len=0
107,2.048073437,10.11.12.22,1.0.0.1,TCP,60,42978 → 853 [FIN, ACK] Seq=1 Ack=1 Win=502 Len=0
108,2.048323456,10.11.12.22,1.1.1.1,TCP,60,[TCP Retransmission] 58098 → 853 [FIN, ACK] Seq=1 Ack=1 Win=502 Len=0
109,2.064312984,10.11.12.22,103.195.103.66,UDP,70,47085 → 9993 Len=28
110,2.064523577,10.11.12.22,84.17.53.155,UDP,70,42232 → 9993 Len=28
111,2.064523836,10.11.12.22,50.7.252.138,UDP,70,42232 → 9993 Len=28
112,2.064524114,10.11.12.22,50.7.252.138,UDP,70,9993 → 9993 Len=28
113,2.064524373,10.11.12.22,104.194.8.134,UDP,70,42232 → 9993 Len=28
114,2.101740864,84.17.53.155,10.11.12.22,UDP,79,9993 → 42232 Len=37
115,2.168267203,103.195.103.66,10.11.12.22,UDP,79,9993 → 47085 Len=37
116,2.171762875,10.11.12.16,10.11.12.1,TCP,74,47618 → 80 [SYN] Seq=0 Win=64240 Len=0 MSS=1460 SACK_PERM=1 TSval=341087087 TSecr=0 WS=128
117,2.171952116,10.11.12.1,10.11.12.16,TCP,74,80 → 47618 [SYN, ACK] Seq=0 Ack=1 Win=65160 Len=0 MSS=1460 SACK_PERM=1 TSval=4126330687 TSecr=341087087 WS=128
118,2.173522730,10.11.12.16,10.11.12.1,TCP,66,47618 → 80 [ACK] Seq=1 Ack=1 Win=64256 Len=0 TSval=341087089 TSecr=4126330687
119,2.173790916,10.11.12.16,10.11.12.1,HTTP,921,GET /1/1666184691.107885/%7B%22NoiseL%22:%2049.00089018640906,%20%22NoiseM%22:%2020.59978079744271,%20%22NoiseH%22:%2026.879820350965215,%20%22NoiseA%22:%2016.080081889136164,%20%22Lux%22:%2083.6532,%20%22Prox%22:%203,%20%22Temp%22:%2027.276559688959708,%20%22Humidity%22:%2021.6214445198147,%20%22Pressure%22:%201009.7905223559001,%20%22MassPM1.0%22:%20%221.6299999952316284%22,%20%22MassPM2.5%22:%207.619030475616455,%20%22MassPM4.0%22:%2012.013469696044922,%20%22MassPM10%22:%2014.217875480651855,%20%22NumPM0.5%22:%200.0,%20%22NumPM1.0%22:%2010.040750503540039,%20%22NumPM2.5%22:%2015.523999214172363,%20%22NumPM4.0%22:%2016.69720458984375,%20%22NumPM10%22:%2016.97592544555664,%20%22TPM%22:%201.6299999952316284%7D HTTP/1.1 
120,2.173886231,10.11.12.1,10.11.12.16,TCP,66,80 → 47618 [ACK] Seq=1 Ack=856 Win=64384 Len=0 TSval=4126330689 TSecr=341087089
121,2.180599002,10.11.12.1,10.11.12.16,TCP,83,HTTP/1.0 200 OK  [TCP segment of a reassembled PDU]
122,2.181179244,10.11.12.1,10.11.12.16,HTTP,209,HTTP/1.0 200 OK  (text/html)
123,2.182005171,10.11.12.16,10.11.12.1,TCP,66,47618 → 80 [ACK] Seq=856 Ack=18 Win=64256 Len=0 TSval=341087098 TSecr=4126330696
124,2.184610083,10.11.12.16,10.11.12.1,TCP,66,47618 → 80 [FIN, ACK] Seq=856 Ack=162 Win=64128 Len=0 TSval=341087101 TSecr=4126330697
125,2.184715454,10.11.12.1,10.11.12.16,TCP,66,80 → 47618 [ACK] Seq=162 Ack=857 Win=64384 Len=0 TSval=4126330700 TSecr=341087101
126,2.201396631,104.194.8.134,10.11.12.22,UDP,79,9993 → 42232 Len=37
127,2.230267755,10.11.12.17,10.11.12.1,TCP,74,34760 → 80 [SYN] Seq=0 Win=64240 Len=0 MSS=1460 SACK_PERM=1 TSval=1513316345 TSecr=0 WS=128
128,2.230428718,10.11.12.1,10.11.12.17,TCP,74,80 → 34760 [SYN, ACK] Seq=0 Ack=1 Win=65160 Len=0 MSS=1460 SACK_PERM=1 TSval=1001358094 TSecr=1513316345 WS=128
129,2.231426109,10.11.12.17,10.11.12.1,TCP,66,34760 → 80 [ACK] Seq=1 Ack=1 Win=64256 Len=0 TSval=1513316347 TSecr=1001358094
130,2.231632221,10.11.12.17,10.11.12.1,HTTP,991,GET /2/1666184691.1864133/%7B%22NoiseL%22:%2053.005289543315065,%20%22NoiseM%22:%2022.674606908398175,%20%22NoiseH%22:%2027.999342381549916,%20%22NoiseA%22:%2017.279873138877193,%20%22Lux%22:%20455.004,%20%22Prox%22:%200,%20%22Temp%22:%2030.512938442916457,%20%22Humidity%22:%2018.529089255433572,%20%22Pressure%22:%201010.0904478947153,%20%22MassPM1.0%22:%20%222.0826148986816406%22,%20%22MassPM2.5%22:%20%224.55599308013916%22,%20%22MassPM4.0%22:%20%226.470392227172852%22,%20%22MassPM10%22:%20%227.430722236633301%22,%20%22NumPM0.5%22:%20%227.57308292388916%22,%20%22NumPM1.0%22:%20%2213.689301490783691%22,%20%22NumPM2.5%22:%20%2216.09745216369629%22,%20%22NumPM4.0%22:%20%2216.611055374145508%22,%20%22NumPM10%22:%20%2216.734485626220703%22,%20%22TPM%22:%20%220.9549999833106995%22%7D HTTP/1.1 
131,2.231703998,10.11.12.1,10.11.12.17,TCP,66,80 → 34760 [ACK] Seq=1 Ack=926 Win=64256 Len=0 TSval=1001358095 TSecr=1513316347
132,2.236903508,10.11.12.1,10.11.12.18,SSH,98,Server: Encrypted packet (len=44)
133,2.237866935,10.11.12.1,10.11.12.17,TCP,83,HTTP/1.0 200 OK  [TCP segment of a reassembled PDU]
134,2.238376751,10.11.12.1,10.11.12.17,HTTP,209,HTTP/1.0 200 OK  (text/html)
135,2.238791011,10.11.12.17,10.11.12.1,TCP,66,34760 → 80 [ACK] Seq=926 Ack=18 Win=64256 Len=0 TSval=1513316354 TSecr=1001358101
136,2.240665903,10.11.12.17,10.11.12.1,TCP,66,34760 → 80 [FIN, ACK] Seq=926 Ack=162 Win=64128 Len=0 TSval=1513316356 TSecr=1001358102
137,2.240749496,10.11.12.1,10.11.12.17,TCP,66,80 → 34760 [ACK] Seq=162 Ack=927 Win=64256 Len=0 TSval=1001358104 TSecr=1513316356
138,2.243989001,3.11.193.37,10.11.12.22,SSL,134,Continuation Data
139,2.246434043,3.11.193.37,10.11.12.22,SSL,344,Continuation Data
140,2.249023566,10.11.12.22,3.11.193.37,TCP,66,48190 → 443 [ACK] Seq=932 Ack=1033 Win=736 Len=0 TSval=3782617729 TSecr=197278153
141,2.283692182,10.11.12.22,3.11.193.37,SSL,245,Continuation Data
142,2.286372890,3.11.193.37,10.11.12.22,TCP,66,443 → 48190 [ACK] Seq=1033 Ack=1111 Win=1265 Len=0 TSval=197278158 TSecr=3782617764
143,2.289290340,10.11.12.22,3.11.193.37,SSL,1448,Continuation Data
144,2.289510618,10.11.12.22,3.11.193.37,SSL,240,Continuation Data
145,2.292520197,3.11.193.37,10.11.12.22,TCP,66,443 → 48190 [ACK] Seq=1033 Ack=2493 Win=1261 Len=0 TSval=197278158 TSecr=3782617769
146,2.292829883,3.11.193.37,10.11.12.22,TCP,66,443 → 48190 [ACK] Seq=1033 Ack=2667 Win=1261 Len=0 TSval=197278158 TSecr=3782617769
147,2.292933198,10.11.12.18,10.11.12.1,TCP,60,32566 → 22 [ACK] Seq=1 Ack=177 Win=512 Len=0
148,2.294003607,10.11.12.22,3.11.193.37,SSL,239,Continuation Data
149,2.298139429,3.11.193.37,10.11.12.22,TCP,66,443 → 48190 [ACK] Seq=1033 Ack=2840 Win=1261 Len=0 TSval=197278159 TSecr=3782617774
150,2.300187822,10.11.12.22,3.11.193.37,SSL,208,Continuation Data
151,2.302871160,3.11.193.37,10.11.12.22,TCP,66,443 → 48190 [ACK] Seq=1033 Ack=2982 Win=1261 Len=0 TSval=197278159 TSecr=3782617781
152,2.303279772,10.11.12.22,1.1.1.1,TCP,60,38898 → 853 [FIN, ACK] Seq=1 Ack=1 Win=502 Len=0
153,2.304848071,10.11.12.22,3.11.193.37,SSL,243,Continuation Data
154,2.308104761,3.11.193.37,10.11.12.22,TCP,66,443 → 48190 [ACK] Seq=1033 Ack=3159 Win=1261 Len=0 TSval=197278160 TSecr=3782617785
155,2.312792992,10.11.12.22,3.11.193.37,SSL,210,Continuation Data
156,2.315486200,3.11.193.37,10.11.12.22,TCP,66,443 → 48190 [ACK] Seq=1033 Ack=3303 Win=1261 Len=0 TSval=197278161 TSecr=3782617793
157,2.317129629,10.11.12.22,3.11.193.37,SSL,240,Continuation Data
158,2.320379987,3.11.193.37,10.11.12.22,TCP,66,443 → 48190 [ACK] Seq=1033 Ack=3477 Win=1261 Len=0 TSval=197278161 TSecr=3782617797
159,2.322430898,10.11.12.22,3.11.193.37,SSL,219,Continuation Data
160,2.324514253,3.11.193.37,10.11.12.22,TCP,66,443 → 48190 [ACK] Seq=1033 Ack=3630 Win=1261 Len=0 TSval=197278161 TSecr=3782617801
161,2.325241569,10.11.12.42,64.233.167.188,TCP,66,44845 → 443 [ACK] Seq=1 Ack=1 Win=533 Len=0 TSval=3695120 TSecr=197273658
162,2.327126961,64.233.167.188,10.11.12.42,TCP,66,[TCP ACKed unseen segment] 443 → 44845 [ACK] Seq=1 Ack=2 Win=130 Len=0 TSval=197278162 TSecr=3686110
163,2.329298558,50.7.252.138,10.11.12.22,UDP,79,9993 → 42232 Len=37
164,2.365151935,3.11.193.37,10.11.12.22,SSL,1049,Continuation Data
165,2.371842873,10.11.12.16,192.168.0.64,TCP,66,46634 → 80 [FIN, ACK] Seq=1 Ack=1 Win=502 Len=0 TSval=531173510 TSecr=197277666
166,2.394284301,10.11.12.51,10.11.12.1,TCP,74,43376 → 80 [SYN] Seq=0 Win=64240 Len=0 MSS=1460 SACK_PERM=1 TSval=1031992440 TSecr=0 WS=128
167,2.394451005,10.11.12.1,10.11.12.51,TCP,74,80 → 43376 [SYN, ACK] Seq=0 Ack=1 Win=65160 Len=0 MSS=1460 SACK_PERM=1 TSval=2993698528 TSecr=1031992440 WS=128
168,2.395939155,10.11.12.22,3.11.193.37,SSL,1448,Continuation Data
169,2.396238397,10.11.12.22,3.11.193.37,SSL,1448,Continuation Data
170,2.396475823,10.11.12.22,3.11.193.37,SSL,1430,Continuation Data
171,2.398121733,10.11.12.51,10.11.12.1,TCP,66,43376 → 80 [ACK] Seq=1 Ack=1 Win=64256 Len=0 TSval=1031992443 TSecr=2993698528
172,2.398256530,10.11.12.51,10.11.12.1,HTTP,990,GET /5/1666184691.2871532/%7B%22NoiseL%22:%2059.441120296998534,%20%22NoiseM%22:%2030.741634172399046,%20%22NoiseH%22:%2013.43993170750045,%20%22NoiseA%22:%2017.27044769614967,%20%22Lux%22:%20194.8409,%20%22Prox%22:%200,%20%22Temp%22:%2025.981059855308292,%20%22Humidity%22:%2022.736284188381106,%20%22Pressure%22:%201010.5513317969354,%20%22MassPM1.0%22:%20%222.0826148986816406%22,%20%22MassPM2.5%22:%20%224.55599308013916%22,%20%22MassPM4.0%22:%20%226.470392227172852%22,%20%22MassPM10%22:%20%227.430722236633301%22,%20%22NumPM0.5%22:%20%227.57308292388916%22,%20%22NumPM1.0%22:%20%2213.689301490783691%22,%20%22NumPM2.5%22:%20%2216.09745216369629%22,%20%22NumPM4.0%22:%20%2216.611055374145508%22,%20%22NumPM10%22:%20%2216.734485626220703%22,%20%22TPM%22:%20%220.9549999833106995%22%7D HTTP/1.1 
173,2.398323178,10.11.12.1,10.11.12.51,TCP,66,80 → 43376 [ACK] Seq=1 Ack=925 Win=64256 Len=0 TSval=2993698532 TSecr=1031992443
174,2.400183496,10.11.12.22,3.11.193.37,SSL,1444,Continuation Data
175,2.403682521,10.11.12.1,10.11.12.51,TCP,83,HTTP/1.0 200 OK  [TCP segment of a reassembled PDU]
176,2.404079966,3.11.193.37,10.11.12.22,TCP,66,443 → 48190 [ACK] Seq=2016 Ack=5012 Win=1261 Len=0 TSval=197278169 TSecr=3782617876
177,2.404160207,10.11.12.1,10.11.12.51,HTTP,209,HTTP/1.0 200 OK  (text/html)
178,2.404547967,3.11.193.37,10.11.12.22,TCP,66,443 → 48190 [ACK] Seq=2016 Ack=6394 Win=1261 Len=0 TSval=197278169 TSecr=3782617876
179,2.404669004,3.11.193.37,10.11.12.22,TCP,66,443 → 48190 [ACK] Seq=2016 Ack=7758 Win=1261 Len=0 TSval=197278169 TSecr=3782617876
180,2.404804634,3.11.193.37,10.11.12.22,TCP,66,443 → 48190 [ACK] Seq=2016 Ack=9136 Win=1261 Len=0 TSval=197278169 TSecr=3782617880
181,2.406652322,192.168.0.64,10.11.12.16,TCP,66,80 → 46634 [ACK] Seq=1 Ack=2 Win=122 Len=0 TSval=197278170 TSecr=531173510
182,2.406879563,10.11.12.51,10.11.12.1,TCP,66,43376 → 80 [ACK] Seq=925 Ack=18 Win=64256 Len=0 TSval=1031992453 TSecr=2993698537
183,2.409967680,10.11.12.51,10.11.12.1,TCP,66,43376 → 80 [FIN, ACK] Seq=925 Ack=162 Win=64128 Len=0 TSval=1031992457 TSecr=2993698538
184,2.410048532,10.11.12.1,10.11.12.51,TCP,66,80 → 43376 [ACK] Seq=162 Ack=926 Win=64256 Len=0 TSval=2993698544 TSecr=1031992457
185,2.448279488,3.11.193.37,10.11.12.22,SSL,1086,Continuation Data
186,2.452741440,10.11.12.50,10.11.12.1,TCP,74,55718 → 80 [SYN] Seq=0 Win=64240 Len=0 MSS=1460 SACK_PERM=1 TSval=216536560 TSecr=0 WS=128
187,2.452874033,10.11.12.1,10.11.12.50,TCP,74,80 → 55718 [SYN, ACK] Seq=0 Ack=1 Win=65160 Len=0 MSS=1460 SACK_PERM=1 TSval=1712182080 TSecr=216536560 WS=128
188,2.454184350,10.11.12.50,10.11.12.1,TCP,66,55718 → 80 [ACK] Seq=1 Ack=1 Win=64256 Len=0 TSval=216536562 TSecr=1712182080
189,2.454510980,10.11.12.50,10.11.12.1,HTTP,988,GET /4/1666184691.3724182/%7B%22NoiseL%22:%2051.03054453324242,%20%22NoiseM%22:%2044.7070854182166,%20%22NoiseH%22:%2073.15016067767154,%20%22NoiseA%22:%2028.147965104855093,%20%22Lux%22:%2015.10405,%20%22Prox%22:%200,%20%22Temp%22:%2019.762967163276656,%20%22Humidity%22:%2027.991171765605348,%20%22Pressure%22:%201010.4236783718935,%20%22MassPM1.0%22:%20%222.0826148986816406%22,%20%22MassPM2.5%22:%20%224.55599308013916%22,%20%22MassPM4.0%22:%20%226.470392227172852%22,%20%22MassPM10%22:%20%227.430722236633301%22,%20%22NumPM0.5%22:%20%227.57308292388916%22,%20%22NumPM1.0%22:%20%2213.689301490783691%22,%20%22NumPM2.5%22:%20%2216.09745216369629%22,%20%22NumPM4.0%22:%20%2216.611055374145508%22,%20%22NumPM10%22:%20%2216.734485626220703%22,%20%22TPM%22:%20%220.9549999833106995%22%7D HTTP/1.1 
190,2.454569554,10.11.12.1,10.11.12.50,TCP,66,80 → 55718 [ACK] Seq=1 Ack=923 Win=64256 Len=0 TSval=1712182082 TSecr=216536562
191,2.459670785,10.11.12.1,10.11.12.50,TCP,83,HTTP/1.0 200 OK  [TCP segment of a reassembled PDU]
192,2.460128045,10.11.12.1,10.11.12.50,HTTP,209,HTTP/1.0 200 OK  (text/html)
193,2.460979454,10.11.12.50,10.11.12.1,TCP,66,55718 → 80 [ACK] Seq=923 Ack=18 Win=64256 Len=0 TSval=216536568 TSecr=1712182087
194,2.462779179,10.11.12.50,10.11.12.1,TCP,66,55718 → 80 [FIN, ACK] Seq=923 Ack=162 Win=64128 Len=0 TSval=216536570 TSecr=1712182088
195,2.462854106,10.11.12.1,10.11.12.50,TCP,66,80 → 55718 [ACK] Seq=162 Ack=924 Win=64256 Len=0 TSval=1712182090 TSecr=216536570
196,2.472302437,10.11.12.22,3.11.193.37,SSL,482,Continuation Data
197,2.474168885,3.11.193.37,10.11.12.22,TCP,66,443 → 48190 [ACK] Seq=3036 Ack=9552 Win=1263 Len=0 TSval=197278176 TSecr=3782617953
198,2.477439131,3.11.193.37,10.11.12.22,SSL,98,Continuation Data
199,2.479710246,3.11.193.37,10.11.12.22,SSL,773,Continuation Data
200,2.481281897,10.11.12.22,3.11.193.37,TCP,66,48190 → 443 [ACK] Seq=9552 Ack=3775 Win=791 Len=0 TSval=3782617962 TSecr=197278177
201,2.487913075,10.11.12.22,3.11.193.37,SSL,339,Continuation Data
202,2.490408339,3.11.193.37,10.11.12.22,SSL,1103,Continuation Data
203,2.509001260,10.11.12.22,3.11.193.37,SSL,480,Continuation Data
204,2.511494987,3.11.193.37,10.11.12.22,SSL,178,Continuation Data
205,2.518390554,10.11.12.22,3.11.193.37,SSL,353,Continuation Data
206,2.526469717,40.99.201.226,10.11.12.18,TLSv1.2,94,Application Data
207,2.533853489,10.11.12.18,40.99.201.226,TCP,60,12810 → 443 [ACK] Seq=1 Ack=81 Win=1024 Len=0
208,2.551890724,10.11.12.31,52.58.249.45,TLSv1.2,235,Application Data
209,2.555308285,3.11.193.37,10.11.12.22,TCP,66,443 → 48190 [ACK] Seq=4924 Ack=10526 Win=1266 Len=0 TSval=197278185 TSecr=3782617998
210,2.556101602,10.11.12.20,10.0.128.132,TCP,74,[TCP Retransmission] 47712 → 8123 [SYN] Seq=0 Win=65535 Len=0 MSS=1460 SACK_PERM=1 TSval=3227894794 TSecr=0 WS=256
211,2.556244157,10.11.12.20,10.0.128.132,TCP,74,[TCP Retransmission] 47714 → 8123 [SYN] Seq=0 Win=65535 Len=0 MSS=1460 SACK_PERM=1 TSval=3227894795 TSecr=0 WS=256
212,2.577129101,52.58.249.45,10.11.12.31,TLSv1.2,123,Application Data
213,2.650515896,18.196.142.136,10.11.12.22,TLSv1.2,495,Application Data
214,2.652214492,10.11.12.22,18.196.142.136,TCP,66,33683 → 8883 [ACK] Seq=1 Ack=430 Win=4801 Len=0 TSval=4133412163 TSecr=2022772699
215,2.656665314,10.11.12.19,10.11.12.1,TCP,74,46790 → 80 [SYN] Seq=0 Win=64240 Len=0 MSS=1460 SACK_PERM=1 TSval=3634707325 TSecr=0 WS=128
216,2.656798740,10.11.12.1,10.11.12.19,TCP,74,80 → 46790 [SYN, ACK] Seq=0 Ack=1 Win=65160 Len=0 MSS=1460 SACK_PERM=1 TSval=46107566 TSecr=3634707325 WS=128
217,2.657990520,10.11.12.19,10.11.12.1,TCP,66,46790 → 80 [ACK] Seq=1 Ack=1 Win=64256 Len=0 TSval=3634707326 TSecr=46107566
218,2.658563577,10.11.12.19,10.11.12.1,HTTP,972,GET /3/1666184691.5989382/%7B%22NoiseL%22:%2051.725522280261146,%20%22NoiseM%22:%2018.772271677296203,%20%22NoiseH%22:%208.67523039341069,%20%22NoiseA%22:%2013.195504058494672,%20%22Lux%22:%206.30745,%20%22Prox%22:%200,%20%22Temp%22:%2026.746908808157258,%20%22Humidity%22:%2022.190063458477816,%20%22Pressure%22:%201009.5039499376181,%20%22MassPM1.0%22:%20%221.0485678911209106%22,%20%22MassPM2.5%22:%20%223.9711759090423584%22,%20%22MassPM4.0%22:%20%226.299286365509033%22,%20%22MassPM10%22:%20%227.467148780822754%22,%20%22NumPM0.5%22:%20%220.0%22,%20%22NumPM1.0%22:%20%224.827813148498535%22,%20%22NumPM2.5%22:%20%227.731733798980713%22,%20%22NumPM4.0%22:%20%228.3531494140625%22,%20%22NumPM10%22:%20%228.50070571899414%22,%20%22TPM%22:%20%221.6299999952316284%22%7D HTTP/1.1 
219,2.658643299,10.11.12.1,10.11.12.19,TCP,66,80 → 46790 [ACK] Seq=1 Ack=907 Win=64256 Len=0 TSval=46107568 TSecr=3634707326
220,2.662502250,10.11.12.22,3.11.193.37,SSL,182,Continuation Data
221,2.663395307,10.11.12.1,10.11.12.19,TCP,83,HTTP/1.0 200 OK  [TCP segment of a reassembled PDU]
222,2.663871160,10.11.12.1,10.11.12.19,HTTP,209,HTTP/1.0 200 OK  (text/html)
223,2.665028162,10.11.12.19,10.11.12.1,TCP,66,46790 → 80 [ACK] Seq=907 Ack=18 Win=64256 Len=0 TSval=3634707333 TSecr=46107573
224,2.665628256,3.11.193.37,10.11.12.22,TCP,66,443 → 48190 [ACK] Seq=4924 Ack=10642 Win=1266 Len=0 TSval=197278195 TSecr=3782618143
225,2.667268944,10.11.12.19,10.11.12.1,TCP,66,46790 → 80 [FIN, ACK] Seq=907 Ack=162 Win=64128 Len=0 TSval=3634707335 TSecr=46107573
226,2.667347036,10.11.12.1,10.11.12.19,TCP,66,80 → 46790 [ACK] Seq=162 Ack=908 Win=64256 Len=0 TSval=46107577 TSecr=3634707335
227,2.676865886,10.11.12.22,1.0.0.1,TCP,60,37916 → 853 [FIN, ACK] Seq=1 Ack=1 Win=502 Len=0
228,2.700250594,10.11.12.22,1.1.1.1,TCP,74,35974 → 853 [SYN] Seq=0 Win=64240 Len=0 MSS=1460 SACK_PERM=1 TSval=3425252625 TSecr=0 WS=128
229,2.704751120,10.11.12.18,10.11.12.255,UDP,186,61219 → 51007 Len=144
230,2.709535610,1.1.1.1,10.11.12.22,TCP,66,853 → 35974 [SYN, ACK] Seq=0 Ack=1 Win=64240 Len=0 MSS=1394 SACK_PERM=1 WS=8192
231,2.710694390,3.11.193.37,10.11.12.22,SSL,1107,Continuation Data
232,2.710964816,10.11.12.22,1.1.1.1,TCP,60,35974 → 853 [ACK] Seq=1 Ack=1 Win=64256 Len=0
233,2.712331967,10.11.12.22,1.1.1.1,TLSv1,334,Client Hello
234,2.722044225,1.1.1.1,10.11.12.22,TCP,54,853 → 35974 [ACK] Seq=1 Ack=281 Win=65536 Len=0
235,2.723590616,3.11.193.37,10.11.12.22,SSL,1095,Continuation Data
236,2.724980896,10.11.12.22,3.11.193.37,TCP,66,48190 → 443 [ACK] Seq=10642 Ack=6994 Win=840 Len=0 TSval=3782618205 TSecr=197278200
237,2.735543285,10.11.12.22,3.11.193.37,SSL,457,Continuation Data
238,2.738310568,3.11.193.37,10.11.12.22,TCP,66,443 → 48190 [ACK] Seq=6994 Ack=11033 Win=1266 Len=0 TSval=197278203 TSecr=3782618216
239,2.740467497,3.11.193.37,10.11.12.22,SSL,98,Continuation Data
240,2.742770483,3.11.193.37,10.11.12.22,SSL,770,Continuation Data
241,2.746921379,10.11.12.22,3.11.193.37,TCP,66,48190 → 443 [ACK] Seq=11033 Ack=7730 Win=856 Len=0 TSval=3782618226 TSecr=197278203
242,2.754535115,3.11.193.37,10.11.12.22,SSL,98,Continuation Data
243,2.756797396,3.11.193.37,10.11.12.22,SSL,773,Continuation Data
244,2.757785417,10.11.12.1,10.11.12.18,SSH,98,Server: Encrypted packet (len=44)
245,2.759008715,3.11.193.37,10.11.12.22,SSL,1107,Continuation Data
246,2.759958180,10.11.12.31,255.255.255.255,UDP,214,49153 → 6667 Len=172
247,2.760956626,10.11.12.22,3.11.193.37,TCP,66,48190 → 443 [ACK] Seq=11033 Ack=9510 Win=889 Len=0 TSval=3782618241 TSecr=197278204
248,2.768231842,10.11.12.22,3.11.193.37,SSL,1448,Continuation Data
249,2.768515620,10.11.12.22,3.11.193.37,SSL,1448,Continuation Data
250,2.768755825,10.11.12.22,3.11.193.37,SSL,1430,Continuation Data
251,2.772311238,10.11.12.22,3.11.193.37,SSL,339,Continuation Data
252,2.773477499,3.11.193.37,10.11.12.22,TCP,66,443 → 48190 [ACK] Seq=9510 Ack=13797 Win=1266 Len=0 TSval=197278206 TSecr=3782618248
253,2.774800483,3.11.193.37,10.11.12.22,TCP,66,443 → 48190 [ACK] Seq=9510 Ack=15434 Win=1266 Len=0 TSval=197278206 TSecr=3782618248
254,2.775088558,3.11.193.37,10.11.12.22,SSL,98,Continuation Data
255,2.776342671,3.11.193.37,10.11.12.22,SSL,773,Continuation Data
256,2.777073080,10.11.12.22,3.11.193.37,SSL,1448,Continuation Data
257,2.777332562,10.11.12.22,3.11.193.37,SSL,1448,Continuation Data
258,2.777570155,10.11.12.22,3.11.193.37,SSL,1430,Continuation Data
259,2.779099898,3.11.193.37,10.11.12.22,SSL,98,Continuation Data
260,2.780860809,3.11.193.37,10.11.12.22,SSL,773,Continuation Data
261,2.781105735,3.11.193.37,10.11.12.22,TCP,66,443 → 48190 [ACK] Seq=10988 Ack=18198 Win=1266 Len=0 TSval=197278207 TSecr=3782618257
262,2.781271458,10.11.12.22,3.11.193.37,TCP,66,48190 → 443 [ACK] Seq=19562 Ack=10281 Win=905 Len=0 TSval=3782618262 TSecr=197278207
263,2.783510795,10.11.12.22,3.11.193.37,SSL,1448,Continuation Data
264,2.784735352,10.11.12.22,3.11.193.37,SSL,1448,Continuation Data
265,2.784891760,10.11.12.22,3.11.193.37,SSL,1430,Continuation Data
266,2.786983782,10.11.12.31,52.58.249.45,TCP,60,40589 → 8886 [ACK] Seq=182 Ack=70 Win=2506 Len=0
267,2.787111745,3.11.193.37,10.11.12.22,TCP,66,443 → 48190 [ACK] Seq=10988 Ack=20944 Win=1266 Len=0 TSval=197278208 TSecr=3782618257
268,2.788188618,10.11.12.22,3.11.193.37,SSL,339,Continuation Data
269,2.790320418,3.11.193.37,10.11.12.22,TCP,66,443 → 48190 [ACK] Seq=10988 Ack=23690 Win=1261 Len=0 TSval=197278208 TSecr=3782618263
270,2.793821053,10.11.12.22,3.11.193.37,SSL,1448,Continuation Data
271,2.794121424,10.11.12.22,3.11.193.37,SSL,1448,Continuation Data
272,2.794459555,10.11.12.22,3.11.193.37,SSL,1430,Continuation Data
273,2.797774060,3.11.193.37,10.11.12.22,TCP,66,443 → 48190 [ACK] Seq=10988 Ack=25345 Win=1261 Len=0 TSval=197278209 TSecr=3782618268
274,2.798030320,3.11.193.37,10.11.12.22,TCP,66,443 → 48190 [ACK] Seq=10988 Ack=28091 Win=1261 Len=0 TSval=197278209 TSecr=3782618274
275,2.798205172,10.11.12.22,3.11.193.37,SSL,1448,Continuation Data
276,2.798526228,10.11.12.22,3.11.193.37,SSL,1448,Continuation Data
277,2.798771581,10.11.12.22,3.11.193.37,SSL,1430,Continuation Data
278,2.800921714,3.11.193.37,10.11.12.22,SSL,178,Continuation Data
279,2.801929271,10.11.12.22,3.11.193.37,SSL,339,Continuation Data
280,2.802120494,3.11.193.37,10.11.12.22,TCP,66,443 → 48190 [ACK] Seq=11100 Ack=30855 Win=1266 Len=0 TSval=197278209 TSecr=3782618278
281,2.805322759,3.11.193.37,10.11.12.22,SSL,1110,Continuation Data
282,2.805571944,3.11.193.37,10.11.12.22,TCP,66,443 → 48190 [ACK] Seq=12144 Ack=32492 Win=1266 Len=0 TSval=197278209 TSecr=3782618278
283,2.807099354,10.11.12.22,3.11.193.37,SSL,457,Continuation Data
284,2.810626361,3.11.193.37,10.11.12.22,SSL,178,Continuation Data
285,2.811813252,10.11.12.22,3.11.193.37,SSL,1448,Continuation Data
286,2.812031604,10.11.12.22,3.11.193.37,SSL,1448,Continuation Data
287,2.812319345,10.11.12.22,3.11.193.37,SSL,1430,Continuation Data
288,2.812460771,3.11.193.37,10.11.12.22,TCP,1107,443 → 48190 [PSH, ACK] Seq=12256 Ack=32883 Win=1266 Len=1041 TSval=197278210 TSecr=3782618287
289,2.813801551,10.11.12.22,3.11.193.37,TCP,66,48190 → 443 [ACK] Seq=37011 Ack=13297 Win=954 Len=0 TSval=3782618294 TSecr=197278210
290,2.814868164,3.11.193.37,10.11.12.22,TCP,66,443 → 48190 [ACK] Seq=13297 Ack=35647 Win=1261 Len=0 TSval=197278211 TSecr=3782618291
291,2.815285980,10.11.12.18,10.11.12.1,TCP,60,32566 → 22 [ACK] Seq=1 Ack=221 Win=511 Len=0
292,2.815286202,10.11.12.22,1.0.0.1,TCP,60,56770 → 853 [ACK] Seq=1 Ack=1 Win=502 Len=0
293,2.820258081,3.11.193.37,10.11.12.22,SSL,178,Continuation Data
294,2.821429842,10.11.12.22,3.11.193.37,SSL,1448,Continuation Data
295,2.821709713,10.11.12.22,3.11.193.37,SSL,1448,Continuation Data
296,2.821938473,10.11.12.22,3.11.193.37,SSL,1430,Continuation Data
297,2.825871758,3.11.193.37,10.11.12.22,SSL,1108,Continuation Data
298,2.826091295,3.11.193.37,10.11.12.22,TCP,66,443 → 48190 [ACK] Seq=14451 Ack=39775 Win=1261 Len=0 TSval=197278212 TSecr=3782618301
299,2.827395482,10.11.12.22,3.11.193.37,SSL,339,Continuation Data
300,2.830948655,3.11.193.37,10.11.12.22,TCP,66,443 → 48190 [ACK] Seq=14451 Ack=41412 Win=1261 Len=0 TSval=197278212 TSecr=3782618301
301,2.839605763,10.11.12.22,3.11.193.37,SSL,1448,Continuation Data
302,2.839821208,10.11.12.22,3.11.193.37,SSL,1448,Continuation Data
303,2.840137671,10.11.12.22,3.11.193.37,SSL,1430,Continuation Data
304,2.843195010,3.11.193.37,10.11.12.22,TCP,66,443 → 48190 [ACK] Seq=14451 Ack=44176 Win=1261 Len=0 TSval=197278213 TSecr=3782618319
305,2.846601127,10.11.12.22,3.11.193.37,SSL,1448,Continuation Data
306,2.846891683,10.11.12.22,3.11.193.37,SSL,1448,Continuation Data
307,2.847109646,10.11.12.22,3.11.193.37,SSL,1430,Continuation Data
308,2.849294410,3.11.193.37,10.11.12.22,SSL,178,Continuation Data
309,2.850475319,3.11.193.37,10.11.12.22,SSL,1119,Continuation Data
310,2.850551690,3.11.193.37,10.11.12.22,TCP,66,443 → 48190 [ACK] Seq=15616 Ack=48304 Win=1261 Len=0 TSval=197278214 TSecr=3782618327
311,2.852159118,10.11.12.22,3.11.193.37,TCP,66,48190 → 443 [ACK] Seq=49668 Ack=15616 Win=987 Len=0 TSval=3782618332 TSecr=197278214
312,2.863968713,10.11.12.22,3.11.193.37,SSL,353,Continuation Data
313,2.866706921,3.11.193.37,10.11.12.22,TCP,66,443 → 48190 [ACK] Seq=15616 Ack=49955 Win=1261 Len=0 TSval=197278216 TSecr=3782618327
314,2.875614659,10.11.12.16,192.168.0.64,TCP,74,46644 → 80 [SYN] Seq=0 Win=64240 Len=0 MSS=1460 SACK_PERM=1 TSval=531174011 TSecr=0 WS=128
315,2.878281368,10.11.12.22,3.11.193.37,SSL,1448,Continuation Data
316,2.878410275,192.168.0.64,10.11.12.16,TCP,74,80 → 46644 [SYN, ACK] Seq=0 Ack=1 Win=14480 Len=0 MSS=1394 SACK_PERM=1 TSval=197278217 TSecr=531174011 WS=128
317,2.878642368,10.11.12.22,3.11.193.37,SSL,1448,Continuation Data
318,2.878840461,10.11.12.22,3.11.193.37,SSL,1430,Continuation Data
319,2.879871185,10.11.12.16,192.168.0.64,TCP,66,46644 → 80 [ACK] Seq=1 Ack=1 Win=64256 Len=0 TSval=531174018 TSecr=197278217
320,2.880675779,10.11.12.16,192.168.0.64,HTTP,309,GET /api/invalid/lights HTTP/1.1 
321,2.882803246,10.11.12.22,3.11.193.37,SSL,407,Continuation Data
322,2.883816414,3.11.193.37,10.11.12.22,TCP,66,443 → 48190 [ACK] Seq=15616 Ack=52719 Win=1261 Len=0 TSval=197278217 TSecr=3782618358
323,2.885417880,192.168.0.64,10.11.12.16,TCP,66,80 → 46644 [ACK] Seq=1 Ack=244 Win=15616 Len=0 TSval=197278217 TSecr=531174019
324,2.885618177,3.11.193.37,10.11.12.22,TCP,66,443 → 48190 [ACK] Seq=15616 Ack=54424 Win=1261 Len=0 TSval=197278217 TSecr=3782618358
325,2.889671554,10.11.12.22,3.11.193.37,SSL,1448,Continuation Data
326,2.889949406,10.11.12.22,3.11.193.37,SSL,1448,Continuation Data
327,2.890177740,10.11.12.22,3.11.193.37,SSL,1430,Continuation Data
328,2.891218520,10.11.12.22,1.0.0.1,TCP,60,[TCP Retransmission] 37916 → 853 [FIN, ACK] Seq=1 Ack=1 Win=502 Len=0
329,2.893976025,3.11.193.37,10.11.12.22,TCP,66,443 → 48190 [ACK] Seq=15616 Ack=57188 Win=1261 Len=0 TSval=197278218 TSecr=3782618370
330,2.895119286,10.11.12.22,3.11.193.37,SSL,353,Continuation Data
331,2.898161365,3.11.193.37,10.11.12.22,TCP,66,443 → 48190 [ACK] Seq=15616 Ack=58839 Win=1261 Len=0 TSval=197278219 TSecr=3782618370
332,2.900979703,10.11.12.22,3.11.193.37,SSL,1448,Continuation Data
333,2.901254037,10.11.12.22,3.11.193.37,SSL,1448,Continuation Data
334,2.901483075,10.11.12.22,3.11.193.37,SSL,1430,Continuation Data
335,2.904461635,3.11.193.37,10.11.12.22,TCP,66,443 → 48190 [ACK] Seq=15616 Ack=61603 Win=1261 Len=0 TSval=197278219 TSecr=3782618381
336,2.905257711,10.11.12.22,3.11.193.37,SSL,166,Continuation Data
337,2.908076401,3.11.193.37,10.11.12.22,TCP,66,443 → 48190 [ACK] Seq=15616 Ack=63067 Win=1261 Len=0 TSval=197278220 TSecr=3782618381
338,2.910764202,10.11.12.22,3.11.193.37,SSL,1448,Continuation Data
339,2.911061443,10.11.12.22,3.11.193.37,SSL,1448,Continuation Data
340,2.911324129,10.11.12.22,3.11.193.37,SSL,1430,Continuation Data
341,2.911324388,10.11.12.22,1.1.1.1,TCP,60,[TCP Retransmission] 58098 → 853 [FIN, ACK] Seq=1 Ack=1 Win=502 Len=0
342,2.914993524,3.11.193.37,10.11.12.22,TCP,66,443 → 48190 [ACK] Seq=15616 Ack=65831 Win=1261 Len=0 TSval=197278220 TSecr=3782618391
343,2.916267471,10.11.12.22,3.11.193.37,SSL,1448,Continuation Data
344,2.916508008,10.11.12.22,3.11.193.37,SSL,1448,Continuation Data
345,2.916802750,10.11.12.22,3.11.193.37,SSL,1430,Continuation Data
346,2.920158515,3.11.193.37,10.11.12.22,TCP,66,443 → 48190 [ACK] Seq=15616 Ack=68577 Win=1261 Len=0 TSval=197278221 TSecr=3782618391
347,2.920389200,3.11.193.37,10.11.12.22,TCP,66,443 → 48190 [ACK] Seq=15616 Ack=71323 Win=1261 Len=0 TSval=197278221 TSecr=3782618396
348,2.921685610,10.11.12.22,3.11.193.37,SSL,1448,Continuation Data
349,2.921928110,10.11.12.22,3.11.193.37,SSL,1448,Continuation Data
350,2.922189963,10.11.12.22,3.11.193.37,SSL,1430,Continuation Data
351,2.925472376,3.11.193.37,10.11.12.22,TCP,66,443 → 48190 [ACK] Seq=15616 Ack=74087 Win=1261 Len=0 TSval=197278222 TSecr=3782618401
352,2.926774767,10.11.12.22,3.11.193.37,SSL,353,Continuation Data
353,2.929748124,3.11.193.37,10.11.12.22,TCP,66,443 → 48190 [ACK] Seq=15616 Ack=75738 Win=1261 Len=0 TSval=197278222 TSecr=3782618401
354,2.932557833,10.11.12.22,3.11.193.37,SSL,1448,Continuation Data
355,2.932846481,10.11.12.22,3.11.193.37,SSL,1448,Continuation Data
356,2.932953389,10.11.12.22,3.11.193.37,SSL,225,Continuation Data
357,2.936066691,3.11.193.37,10.11.12.22,TCP,66,443 → 48190 [ACK] Seq=15616 Ack=78502 Win=1261 Len=0 TSval=197278223 TSecr=3782618413
358,2.938023638,10.11.12.22,3.11.193.37,SSL,1448,Continuation Data
359,2.938303509,10.11.12.22,3.11.193.37,SSL,1448,Continuation Data
360,2.938595047,10.11.12.22,3.11.193.37,SSL,1430,Continuation Data
361,2.941383070,fe80::1412:8368:b820:c6f0,ff02::1:2,DHCPv6,144,Solicit XID: 0xc3c84 CID: 0001000128073d7268545a803c02 
362,2.941801219,3.11.193.37,10.11.12.22,TCP,66,443 → 48190 [ACK] Seq=15616 Ack=80043 Win=1261 Len=0 TSval=197278223 TSecr=3782618413
363,2.942015275,3.11.193.37,10.11.12.22,TCP,66,443 → 48190 [ACK] Seq=15616 Ack=82789 Win=1261 Len=0 TSval=197278223 TSecr=3782618418
364,2.943779241,10.11.12.22,3.11.193.37,SSL,1448,Continuation Data
365,2.944011649,10.11.12.22,3.11.193.37,SSL,1448,Continuation Data
366,2.944327779,10.11.12.22,3.11.193.37,SSL,1430,Continuation Data
367,2.947612396,3.11.193.37,10.11.12.22,TCP,66,443 → 48190 [ACK] Seq=15616 Ack=85553 Win=1261 Len=0 TSval=197278224 TSecr=3782618423
368,2.949145491,10.11.12.22,3.11.193.37,SSL,1448,Continuation Data
369,2.949419325,10.11.12.22,3.11.193.37,SSL,1448,Continuation Data
370,2.949668770,10.11.12.22,3.11.193.37,SSL,1430,Continuation Data
371,2.952288997,3.11.193.37,10.11.12.22,TCP,66,443 → 48190 [ACK] Seq=15616 Ack=88299 Win=1261 Len=0 TSval=197278224 TSecr=3782618423
372,2.952501571,3.11.193.37,10.11.12.22,TCP,66,443 → 48190 [ACK] Seq=15616 Ack=91045 Win=1261 Len=0 TSval=197278224 TSecr=3782618429
373,2.953781240,3.11.193.37,10.11.12.22,SSL,718,Continuation Data
374,2.954839094,10.11.12.22,3.11.193.37,SSL,457,Continuation Data
375,2.960135251,10.11.12.22,3.11.193.37,SSL,1448,Continuation Data
376,2.960410789,10.11.12.22,3.11.193.37,SSL,1448,Continuation Data
377,2.960635122,10.11.12.22,3.11.193.37,SSL,1211,Continuation Data
378,2.962281384,3.11.193.37,10.11.12.22,TCP,66,443 → 48190 [ACK] Seq=16268 Ack=92818 Win=1261 Len=0 TSval=197278225 TSecr=3782618435
379,2.963426572,3.11.193.37,10.11.12.22,TCP,66,443 → 48190 [ACK] Seq=16268 Ack=95345 Win=1261 Len=0 TSval=197278225 TSecr=3782618440
380,2.965444594,10.11.12.22,3.11.193.37,SSL,353,Continuation Data
381,2.973966053,10.11.12.22,3.11.193.37,SSL,480,Continuation Data
382,2.977075133,3.11.193.37,10.11.12.22,TCP,66,443 → 48190 [ACK] Seq=16268 Ack=96046 Win=1266 Len=0 TSval=197278227 TSecr=3782618446
383,2.979159136,10.11.12.22,3.11.193.37,SSL,1448,Continuation Data
384,2.979399507,10.11.12.22,3.11.193.37,SSL,1448,Continuation Data
385,2.979662730,10.11.12.22,3.11.193.37,SSL,1430,Continuation Data
386,2.982326845,3.11.193.37,10.11.12.22,TCP,66,443 → 48190 [ACK] Seq=16268 Ack=98810 Win=1266 Len=0 TSval=197278227 TSecr=3782618459
387,2.983512292,10.11.12.22,3.11.193.37,SSL,1448,Continuation Data
388,2.983813274,10.11.12.22,3.11.193.37,SSL,1448,Continuation Data
389,2.984033385,10.11.12.22,3.11.193.37,TCP,1430,[TCP segment of a reassembled PDU]
390,2.986995557,3.11.193.37,10.11.12.22,TCP,66,443 → 48190 [ACK] Seq=16268 Ack=101556 Win=1266 Len=0 TSval=197278228 TSecr=3782618459
391,2.987509040,10.11.12.22,3.11.193.37,TCP,1448,48190 → 443 [ACK] Seq=104302 Ack=16268 Win=1003 Len=1382 TSval=3782618468 TSecr=197278227 [TCP segment of a reassembled PDU]
392,2.987752707,10.11.12.22,3.11.193.37,TCP,1448,48190 → 443 [ACK] Seq=105684 Ack=16268 Win=1003 Len=1382 TSval=3782618468 TSecr=197278227 [TCP segment of a reassembled PDU]
393,2.988017744,10.11.12.22,3.11.193.37,SSLv2,1430,Encrypted Data, Continuation Data
394,2.988785560,3.11.193.37,10.11.12.22,TCP,66,443 → 48190 [ACK] Seq=16268 Ack=104302 Win=1261 Len=0 TSval=197278228 TSecr=3782618463
395,2.991559991,3.11.193.37,10.11.12.22,TCP,66,443 → 48190 [ACK] Seq=16268 Ack=107066 Win=1261 Len=0 TSval=197278228 TSecr=3782618468
396,2.991893103,10.11.12.22,3.11.193.37,SSL,457,Continuation Data
397,2.994227755,3.11.193.37,10.11.12.22,TCP,66,443 → 48190 [ACK] Seq=16268 Ack=108821 Win=1261 Len=0 TSval=197278228 TSecr=3782618468
398,2.997119038,10.11.12.22,3.11.193.37,SSL,1448,Continuation Data
399,2.997351890,10.11.12.22,3.11.193.37,SSL,1448,Continuation Data
400,2.997669039,10.11.12.22,3.11.193.37,SSL,1430,Continuation Data
401,2.999961950,3.11.193.37,10.11.12.22,TCP,66,443 → 48190 [ACK] Seq=16268 Ack=111585 Win=1261 Len=0 TSval=197278229 TSecr=3782618477
402,3.001917305,10.11.12.22,3.11.193.37,SSL,1448,Continuation Data
403,3.002191787,10.11.12.22,3.11.193.37,SSL,1448,Continuation Data
404,3.002480806,10.11.12.22,3.11.193.37,SSL,1430,Continuation Data
405,3.004674736,3.11.193.37,10.11.12.22,TCP,66,443 → 48190 [ACK] Seq=16268 Ack=114331 Win=1261 Len=0 TSval=197278229 TSecr=3782618477
406,3.006072313,3.11.193.37,10.11.12.22,TCP,66,443 → 48190 [ACK] Seq=16268 Ack=117077 Win=1261 Len=0 TSval=197278230 TSecr=3782618482
407,3.006645388,10.11.12.22,3.11.193.37,SSL,1448,Continuation Data
408,3.006888685,10.11.12.22,3.11.193.37,SSL,1448,Continuation Data
409,3.007147759,10.11.12.22,3.11.193.37,SSL,1430,Continuation Data
410,3.010469450,3.11.193.37,10.11.12.22,TCP,66,443 → 48190 [ACK] Seq=16268 Ack=119841 Win=1261 Len=0 TSval=197278230 TSecr=3782618487
411,3.011526174,10.11.12.22,3.11.193.37,SSL,1448,Continuation Data
412,3.011815545,10.11.12.22,3.11.193.37,SSL,1448,Continuation Data
413,3.012025693,10.11.12.22,3.11.193.37,SSL,1430,Continuation Data
414,3.012881602,3.11.193.37,10.11.12.22,TCP,1039,[TCP segment of a reassembled PDU]
415,3.014257753,3.11.193.37,10.11.12.22,TCP,66,443 → 48190 [ACK] Seq=17241 Ack=123969 Win=1266 Len=0 TSval=197278230 TSecr=3782618491
416,3.015707793,10.11.12.22,3.11.193.37,SSL,1448,Continuation Data
417,3.015956348,10.11.12.22,3.11.193.37,SSL,1448,Continuation Data
418,3.016219497,10.11.12.22,3.11.193.37,SSL,1430,Continuation Data
419,3.019064298,3.11.193.37,10.11.12.22,TCP,66,443 → 48190 [ACK] Seq=17241 Ack=126715 Win=1266 Len=0 TSval=197278231 TSecr=3782618491
420,3.019271928,3.11.193.37,10.11.12.22,TCP,66,443 → 48190 [ACK] Seq=17241 Ack=129461 Win=1261 Len=0 TSval=197278231 TSecr=3782618496
421,3.023475065,10.11.12.22,3.11.193.37,SSL,1448,Continuation Data
422,3.023690269,10.11.12.22,3.11.193.37,SSL,1448,Continuation Data
423,3.023998196,10.11.12.22,3.11.193.37,SSL,1430,Continuation Data
424,3.026965460,3.11.193.37,10.11.12.22,TCP,66,443 → 48190 [ACK] Seq=17241 Ack=132225 Win=1261 Len=0 TSval=197278232 TSecr=3782618503
425,3.028408981,10.11.12.22,3.11.193.37,SSL,1448,Continuation Data
426,3.028660667,10.11.12.22,3.11.193.37,SSL,1448,Continuation Data
427,3.028924149,10.11.12.22,3.11.193.37,SSL,1430,Continuation Data
428,3.031157579,3.11.193.37,10.11.12.22,TCP,66,443 → 48190 [ACK] Seq=17241 Ack=134971 Win=1261 Len=0 TSval=197278232 TSecr=3782618503
429,3.032292951,3.11.193.37,10.11.12.22,TCP,66,443 → 48190 [ACK] Seq=17241 Ack=137717 Win=1261 Len=0 TSval=197278232 TSecr=3782618508
430,3.035178641,10.11.12.22,3.11.193.37,SSL,1448,Continuation Data
431,3.035402179,10.11.12.22,3.11.193.37,TCP,1448,48190 → 443 [ACK] Seq=139099 Ack=17241 Win=1026 Len=1382 TSval=3782618515 TSecr=197278232
432,3.035787124,10.11.12.22,3.11.193.37,SSL,1430,Continuation Data
433,3.038623907,3.11.193.37,10.11.12.22,TCP,66,443 → 48190 [ACK] Seq=17241 Ack=140481 Win=1261 Len=0 TSval=197278233 TSecr=3782618515
434,3.040107872,10.11.12.22,3.11.193.37,SSL,1448,Continuation Data
435,3.040391539,10.11.12.22,3.11.193.37,SSL,1448,Continuation Data
436,3.040647873,10.11.12.22,3.11.193.37,SSL,1430,Continuation Data
437,3.042891192,3.11.193.37,10.11.12.22,TCP,66,443 → 48190 [ACK] Seq=17241 Ack=143227 Win=1261 Len=0 TSval=197278233 TSecr=3782618515
438,3.044031231,3.11.193.37,10.11.12.22,TCP,66,443 → 48190 [ACK] Seq=17241 Ack=145973 Win=1261 Len=0 TSval=197278233 TSecr=3782618520
439,3.045037492,10.11.12.22,3.11.193.37,SSL,1448,Continuation Data
440,3.045285233,10.11.12.22,3.11.193.37,SSL,1448,Continuation Data
441,3.045548622,10.11.12.22,3.11.193.37,SSL,1430,Continuation Data
442,3.049917445,10.11.12.22,3.11.193.37,SSL,1448,Continuation Data
443,3.050085853,10.11.12.22,3.11.193.37,SSL,1448,Continuation Data
444,3.050356316,10.11.12.22,3.11.193.37,SSL,1430,Continuation Data
445,3.052887654,3.11.193.37,10.11.12.22,TCP,66,443 → 48190 [ACK] Seq=17241 Ack=148737 Win=1261 Len=0 TSval=197278234 TSecr=3782618525
446,3.053959359,3.11.193.37,10.11.12.22,TCP,66,443 → 48190 [ACK] Seq=17241 Ack=151483 Win=1261 Len=0 TSval=197278234 TSecr=3782618525
447,3.054168452,3.11.193.37,10.11.12.22,TCP,66,443 → 48190 [ACK] Seq=17241 Ack=154229 Win=1261 Len=0 TSval=197278234 TSecr=3782618529
448,3.054844750,10.11.12.22,3.11.193.37,SSL,1448,Continuation Data
449,3.054962805,10.11.12.22,3.11.193.37,SSL,1448,Continuation Data
450,3.055340269,10.11.12.22,3.11.193.37,SSL,1430,Continuation Data
451,3.057124069,3.11.193.37,10.11.12.22,TCP,66,443 → 48190 [ACK] Seq=17241 Ack=156993 Win=1261 Len=0 TSval=197278235 TSecr=3782618534
452,3.058892720,10.11.12.22,3.11.193.37,SSL,1448,Continuation Data
453,3.059120868,10.11.12.22,3.11.193.37,SSL,1448,Continuation Data
454,3.059433443,10.11.12.22,3.11.193.37,SSL,1430,Continuation Data
455,3.061318280,3.11.193.37,10.11.12.22,TCP,66,443 → 48190 [ACK] Seq=17241 Ack=159739 Win=1261 Len=0 TSval=197278235 TSecr=3782618534
456,3.062399800,3.11.193.37,10.11.12.22,TCP,66,443 → 48190 [ACK] Seq=17241 Ack=162485 Win=1261 Len=0 TSval=197278235 TSecr=3782618539
457,3.064168118,10.11.12.22,3.11.193.37,SSL,371,Continuation Data
458,3.069471905,10.11.12.22,3.11.193.37,SSL,1448,Continuation Data
459,3.069754498,10.11.12.22,3.11.193.37,SSL,1448,Continuation Data
460,3.069992369,10.11.12.22,3.11.193.37,SSL,1430,Continuation Data
461,3.071963816,3.11.193.37,10.11.12.22,TCP,66,443 → 48190 [ACK] Seq=17241 Ack=164172 Win=1261 Len=0 TSval=197278236 TSecr=3782618544
462,3.073097411,3.11.193.37,10.11.12.22,TCP,66,443 → 48190 [ACK] Seq=17241 Ack=166918 Win=1261 Len=0 TSval=197278236 TSecr=3782618549
463,3.074661358,10.11.12.22,3.11.193.37,SSL,1448,Continuation Data
464,3.074897970,10.11.12.22,3.11.193.37,SSL,1448,Continuation Data
465,3.075162915,10.11.12.22,3.11.193.37,SSL,1430,Continuation Data
466,3.078701384,3.11.193.37,10.11.12.22,TCP,66,443 → 48190 [ACK] Seq=17241 Ack=169682 Win=1261 Len=0 TSval=197278237 TSecr=3782618555
467,3.079730904,10.11.12.22,3.11.193.37,SSL,1448,Continuation Data
468,3.080004719,10.11.12.22,3.11.193.37,SSL,1448,Continuation Data
469,3.080252720,10.11.12.22,3.11.193.37,SSL,1430,Continuation Data
470,3.082613798,3.11.193.37,10.11.12.22,TCP,66,443 → 48190 [ACK] Seq=17241 Ack=172428 Win=1261 Len=0 TSval=197278237 TSecr=3782618555
471,3.082827872,3.11.193.37,10.11.12.22,TCP,66,443 → 48190 [ACK] Seq=17241 Ack=175174 Win=1261 Len=0 TSval=197278237 TSecr=3782618560
472,3.084711672,10.11.12.22,3.11.193.37,SSL,1448,Continuation Data
473,3.084954024,10.11.12.22,3.11.193.37,SSL,1448,Continuation Data
474,3.085217506,10.11.12.22,3.11.193.37,SSL,1430,Continuation Data
475,3.089190901,3.11.193.37,10.11.12.22,TCP,66,443 → 48190 [ACK] Seq=17241 Ack=177938 Win=1261 Len=0 TSval=197278238 TSecr=3782618565
476,3.089844477,10.11.12.22,3.11.193.37,SSL,1448,Continuation Data
477,3.090064199,10.11.12.22,3.11.193.37,SSL,1448,Continuation Data
478,3.090390181,10.11.12.22,3.11.193.37,SSL,1430,Continuation Data
479,3.092892834,3.11.193.37,10.11.12.22,TCP,66,443 → 48190 [ACK] Seq=17241 Ack=180684 Win=1261 Len=0 TSval=197278238 TSecr=3782618565
480,3.093107390,3.11.193.37,10.11.12.22,TCP,66,443 → 48190 [ACK] Seq=17241 Ack=183430 Win=1261 Len=0 TSval=197278238 TSecr=3782618570
481,3.094898707,10.11.12.22,3.11.193.37,SSL,1448,Continuation Data
482,3.095157245,10.11.12.22,3.11.193.37,SSL,1448,Continuation Data
483,3.095442745,10.11.12.22,3.11.193.37,SSL,1430,Continuation Data
484,3.098112287,3.11.193.37,10.11.12.22,TCP,66,443 → 48190 [ACK] Seq=17241 Ack=186194 Win=1261 Len=0 TSval=197278239 TSecr=3782618575
485,3.099943401,10.11.12.22,3.11.193.37,SSL,1448,Continuation Data
486,3.100249828,10.11.12.22,3.11.193.37,SSL,1448,Continuation Data
487,3.100469995,10.11.12.22,3.11.193.37,SSL,1430,Continuation Data
488,3.103443592,3.11.193.37,10.11.12.22,TCP,66,443 → 48190 [ACK] Seq=17241 Ack=188940 Win=1261 Len=0 TSval=197278239 TSecr=3782618575
489,3.103656148,3.11.193.37,10.11.12.22,TCP,66,443 → 48190 [ACK] Seq=17241 Ack=191686 Win=1261 Len=0 TSval=197278239 TSecr=3782618580
490,3.104962539,10.11.12.22,3.11.193.37,SSL,1448,Continuation Data
491,3.105211558,10.11.12.22,3.11.193.37,SSL,1448,Continuation Data
492,3.105474966,10.11.12.22,3.11.193.37,TCP,1430,48190 → 443 [PSH, ACK] Seq=194450 Ack=17241 Win=1026 Len=1364 TSval=3782618585 TSecr=197278239
493,3.107182914,10.11.12.22,1.0.0.1,TCP,60,[TCP Retransmission] 37916 → 853 [FIN, ACK] Seq=1 Ack=1 Win=502 Len=0
494,3.107685618,3.11.193.37,10.11.12.22,TCP,66,443 → 48190 [ACK] Seq=17241 Ack=194450 Win=1261 Len=0 TSval=197278240 TSecr=3782618585
495,3.110112808,10.11.12.22,3.11.193.37,SSL,1448,Continuation Data
496,3.110427827,10.11.12.22,3.11.193.37,SSL,1448,Continuation Data
497,3.110675660,10.11.12.22,3.11.193.37,SSL,1430,Continuation Data
498,3.111953181,3.11.193.37,10.11.12.22,TCP,66,443 → 48190 [ACK] Seq=17241 Ack=197196 Win=1261 Len=0 TSval=197278240 TSecr=3782618585
499,3.113168387,3.11.193.37,10.11.12.22,TCP,66,443 → 48190 [ACK] Seq=17241 Ack=199942 Win=1261 Len=0 TSval=197278240 TSecr=3782618590
500,3.115205113,10.11.12.22,3.11.193.37,SSL,1448,Continuation Data
